,Train: missing (n),Train: missing (%),Test: missing (n),Test: missing (%)
missed_hours,1017,77.8,163,11.7
teacher_absent_days,743,56.8,444,31.8
english_score,716,54.8,557,39.9
math_score,437,33.4,340,24.4
attend_hours,285,21.8,163,11.7
father_edu,101,7.7,75,5.4
school_type,84,6.4,0,0.0
grade_level,81,6.2,7,0.5
over_age,81,6.2,7,0.5
travel_minutes,55,4.2,16,1.1
mother_edu,50,3.8,27,1.9
has_textbooks,34,2.6,1,0.1
mother_alive,20,1.5,1,0.1
mother_in_hh,20,1.5,1,0.1
school_spend,20,1.5,0,0.0
electricity,17,1.3,1,0.1
father_alive,14,1.1,1,0.1
father_in_hh,14,1.1,1,0.1
feeding_program,11,0.8,1,0.1
durables_value,5,0.4,9,0.6
rooms,5,0.4,4,0.3
asset_count,5,0.4,0,0.0
persons_per_room,5,0.4,4,0.3
sex,0,0.0,0,0.0
relationship_to_head,0,0.0,3,0.2
on_vacation,0,0.0,0,0.0
urbrur,0,0.0,0,0.0
regioncode,0,0.0,0,0.0
age,0,0.0,0,0.0
math_status,0,0.0,0,0.0
english_status,0,0.0,0,0.0
hh_size,0,0.0,0,0.0
orphan,0,0.0,0,0.0
