feature,type,skew,normality p (D'Agostino),share of zeros %,min,Q1,median,Q3,max,IQR fences,IQR flagged (train),IQR flagged (test),|Z|>3 flagged (train),IQR flagged after log1p (train)
attend_hours,Continuous,-0.96,1.1e-26,0.3,0.0,25.0,30.0,35.0,50.0,"[10.0, 50.0]",132,81,0,145
missed_hours,Continuous,1.93,6.5e-25,37.2,0.0,0.0,3.0,7.0,49.0,"[-10.5, 17.5]",38,40,5,0
travel_minutes,Continuous,3.15,5.8e-195,0.2,0.0,10.0,20.0,40.0,300.0,"[-35.0, 85.0]",77,92,13,5
school_spend,Continuous,10.78,0.0e+00,0.3,0.0,20.85,79.0,158.0,6500.0,"[-184.9, 363.7]",115,243,18,5
durables_value,Continuous,10.05,0.0e+00,0.1,0.0,154.0,405.0,1016.75,63791.0,"[-1140.1, 2310.9]",146,395,13,14
persons_per_room,Continuous,1.1,1.2e-46,0.0,0.0384615384615384,1.5,2.5,4.0,10.0,"[-2.2, 7.8]",35,33,20,0
age,Discrete,0.16,5.4e-258,0.0,8.0,9.0,10.0,12.0,13.0,"[4.5, 16.5]",0,0,0,0
over_age,Discrete,0.3,1.2e-04,15.7,-3.0,1.0,2.0,3.0,7.0,"[-2.0, 6.0]",2,5,2,0
math_score,Discrete,-0.14,2.6e-10,1.3,0.0,3.0,5.0,6.0,8.0,"[-1.5, 10.5]",0,0,0,11
english_score,Discrete,-0.32,1.9e-85,4.7,0.0,2.0,5.0,7.0,7.0,"[-5.5, 14.5]",0,0,0,0
teacher_absent_days,Discrete,2.95,8.2e-81,74.8,0.0,0.0,0.0,1.0,12.0,"[-1.5, 2.5]",67,120,15,35
hh_size,Discrete,1.31,3.9e-75,0.0,2.0,4.0,6.0,7.0,20.0,"[-0.5, 11.5]",33,37,23,6
asset_count,Discrete,0.62,2.3e-17,10.0,0.0,1.0,3.0,4.0,10.0,"[-3.5, 8.5]",7,18,1,0
rooms,Discrete,4.82,4.0e-293,0.0,1.0,1.0,2.0,4.0,52.0,"[-3.5, 8.5]",74,34,27,5
