,VIF before,VIF after
age,16.99,1.19
asset_count,1.94,1.89
attend_hours,1.07,1.07
durables_value,1.26,1.25
electricity,1.65,1.64
english_score,1.35,1.34
father_alive,14.4,1.24
father_edu,1.59,1.56
father_in_hh,1.78,1.77
feeding_program,1.05,1.05
grade_level,19.86,
has_textbooks,1.13,1.13
hh_size,1.48,1.31
math_score,1.37,1.37
missed_hours,1.05,1.05
mother_alive,5.94,1.23
mother_edu,1.57,1.57
mother_in_hh,1.55,1.54
on_vacation,1.04,1.04
orphan,20.21,
over_age,14.12,1.37
persons_per_room,1.77,
rooms,1.71,1.08
school_spend,1.35,1.34
sex,1.02,1.02
teacher_absent_days,1.04,1.04
travel_minutes,1.05,1.05
urbrur,1.61,1.58
